samplenames,description,adapters
4N_C.Lab6.SynthEQ.fastq.gz,4N_C.Lab6.SynthEQ,"4N, TGGAATTCTCGGGTGCCAAGGAACTCCAG"
4N_Xu.Lab5.SynthEQ.fastq.gz,4N_Xu.Lab5.SynthEQ,"4N, TGGAATTCTCGGGTGCCAAGGAACTCCAG"
NEBNext.Lab3.SynthEQ.fastq.gz,NEBNext.Lab3.SynthEQ,AGATCGGAAGAGCACACGTCTGAACTCC
TruSeq.Lab2.SynthEQ.fastq.gz,TruSeq.Lab2.SynthEQ,TGGAATTCTCGGGTGCCAAGGAACTCCAG
CleanTag.Lab5.SynthEQ.fastq.gz,CleanTag.Lab5.SynthEQ,TGGAATTCTCGGGTGCCAAGGAACTCCAG
TruSeq.Lab9.SynthEQ.fastq.gz,TruSeq.Lab9.SynthEQ,TGGAATTCTCGGGTGCCAAGGAACTCCAG
TruSeq.Lab8.SynthEQ.fastq.gz,TruSeq.Lab8.SynthEQ,TGGAATTCTCGGGTGCCAAGGAACTCCAG
4N_NEXTflex.Lab8.SynthEQ.fastq.gz,4N_NEXTflex.Lab8.SynthEQ,"4N, TGGAATTCTCGGGTGCCAAGGAACTCCAG"
4N_B.Lab4.SynthEQ.fastq.gz,4N_B.Lab4.SynthEQ,"4N, TGGAATTCTCGGGTGCCAAGGAACTCCAG"
NEBNext.Lab9.SynthEQ.fastq.gz,NEBNext.Lab9.SynthEQ,AGATCGGAAGAGCACACGTCTGAACTCCG
4N_B.Lab2.SynthEQ.fastq.gz,4N_B.Lab2.SynthEQ,"4N, TGGAATTCTCGGGTGCCAAGGAACTCCAG"
4N_NEXTflex.Lab7.SynthEQ.fastq.gz,4N_NEXTflex.Lab7.SynthEQ,"4N, TGGAATTCTCGGGTGCCAAGGAACTCCAG"
NEBNext.Lab1.SynthEQ.fastq.gz,NEBNext.Lab1.SynthEQ,AGATCGGAAGAGCACACGTCTGAACTCC
TruSeq.Lab5.SynthEQ.fastq.gz,TruSeq.Lab5.SynthEQ,TGGAATTCTCGGGTGCCAAGGAACTCCAG
TruSeq.Lab1.SynthEQ.fastq.gz,TruSeq.Lab1.SynthEQ,TGGAATTCTCGGGTGCCAAGGAACTCCAG
TruSeq.Lab3.SynthEQ.fastq.gz,TruSeq.Lab3.SynthEQ,TGGAATTCTCGGGTGCCAAGGAACTCCAG
4N_B.Lab6.SynthEQ.fastq.gz,4N_B.Lab6.SynthEQ,"4N, TGGAATTCTCGGGTGCCAAGGAACTCCAG"
4N_D.Lab1.SynthEQ.fastq.gz,4N_D.Lab1.SynthEQ,"4N, TGGAATTCTCGGGTGCCAAGGAACTCCAG"
4N_A.Lab5.SynthEQ.fastq.gz,4N_A.Lab5.SynthEQ,"4N, TGGAATTCTCGGGTGCCAAGGAACTCCAG"
NEBNext.Lab5.SynthEQ.fastq.gz,NEBNext.Lab5.SynthEQ,AGATCGGAAGAGCACACGTCTGAACTCC
TruSeq.Lab6.SynthEQ.fastq.gz,TruSeq.Lab6.SynthEQ,TGGAATTCTCGGGTGCCAAGGAACTCCAG
NEBNext.Lab4.SynthEQ.fastq.gz,NEBNext.Lab4.SynthEQ,AGATCGGAAGAGCACACGTCTGAACTCC
